scenario_id,mode,grid_size,route_bucket,success,failure_label,immediate_invalid_action_crash,invalid_action_crash,collision,timeout,two_cell_oscillation,longer_loop,excessive_detour,decisions,path_cost,initial_astar_cost,path_cost_gap,mean_decision_latency_ms,episode_budget,budget_to_astar_cost_ratio,repeated_cell_count,dynamic_event_count
EMPTY-G015-R025-horizontal,original,15,empty,True,success,False,False,False,False,False,False,False,4,4.0,4.0,0.0,0.6261000235099345,20,5.0,0,0
EMPTY-G015-R025-horizontal,posthoc_masked,15,empty,True,success,False,False,False,False,False,False,False,4,4.0,4.0,0.0,0.04602497210726142,20,5.0,0,0
EMPTY-G015-R025-vertical,original,15,empty,True,success,False,False,False,False,False,False,False,4,5.656854249492381,4.0,1.6568542494923806,0.440875010099262,20,5.0,0,0
EMPTY-G015-R025-vertical,posthoc_masked,15,empty,True,success,False,False,False,False,False,False,False,4,5.656854249492381,4.0,1.6568542494923806,0.050799979362636805,20,5.0,0,0
EMPTY-G015-R025-diagonal,original,15,empty,True,success,False,False,False,False,False,False,False,4,5.656854249492381,5.656854249492381,0.0,0.9355500224046409,23,4.065863991822648,0,0
EMPTY-G015-R025-diagonal,posthoc_masked,15,empty,True,success,False,False,False,False,False,False,False,4,5.656854249492381,5.656854249492381,0.0,0.05237499135546386,23,4.065863991822648,0,0
EMPTY-G015-R025-goal_opposing,original,15,empty,True,success,False,False,False,False,False,False,False,4,5.656854249492381,5.656854249492381,0.0,0.73972501559183,23,4.065863991822648,0,0
EMPTY-G015-R025-goal_opposing,posthoc_masked,15,empty,True,success,False,False,False,False,False,False,False,4,5.656854249492381,5.656854249492381,0.0,0.04937496851198375,23,4.065863991822648,0,0
EMPTY-G015-R050-horizontal,original,15,empty,True,success,False,False,False,False,False,False,False,7,7.0,7.0,0.0,0.7752857304045132,28,4.0,0,0
EMPTY-G015-R050-horizontal,posthoc_masked,15,empty,True,success,False,False,False,False,False,False,False,7,7.0,7.0,0.0,0.03238572805587735,28,4.0,0,0
EMPTY-G015-R050-vertical,original,15,empty,True,success,False,False,False,False,False,False,False,7,9.485281374238571,7.0,2.4852813742385713,0.6082428486219474,28,4.0,0,0
EMPTY-G015-R050-vertical,posthoc_masked,15,empty,True,success,False,False,False,False,False,False,False,7,9.485281374238571,7.0,2.4852813742385713,0.04854284426463502,28,4.0,0,0
EMPTY-G015-R050-diagonal,original,15,empty,True,success,False,False,False,False,False,False,False,7,9.899494936611667,9.899494936611667,0.0,0.7058285908507449,40,4.040610178208842,0,0
EMPTY-G015-R050-diagonal,posthoc_masked,15,empty,True,success,False,False,False,False,False,False,False,7,9.899494936611667,9.899494936611667,0.0,0.04304285227720227,40,4.040610178208842,0,0
EMPTY-G015-R050-goal_opposing,original,15,empty,True,success,False,False,False,False,False,False,False,7,9.899494936611667,9.899494936611667,0.0,0.6691285608602422,40,4.040610178208842,0,0
EMPTY-G015-R050-goal_opposing,posthoc_masked,15,empty,True,success,False,False,False,False,False,False,False,7,9.899494936611667,9.899494936611667,0.0,0.04801428544202021,40,4.040610178208842,0,0
EMPTY-G015-R075-horizontal,original,15,empty,True,success,False,False,False,False,False,False,False,10,10.0,10.0,0.0,0.726979982573539,40,4.0,0,0
EMPTY-G015-R075-horizontal,posthoc_masked,15,empty,True,success,False,False,False,False,False,False,False,10,10.0,10.0,0.0,0.040460005402565,40,4.0,0,0
EMPTY-G015-R075-vertical,original,15,empty,True,success,False,False,False,False,False,False,False,10,12.485281374238571,10.0,2.4852813742385713,0.7815500139258802,40,4.0,0,0
EMPTY-G015-R075-vertical,posthoc_masked,15,empty,True,success,False,False,False,False,False,False,False,10,12.485281374238571,10.0,2.4852813742385713,0.03647998673841357,40,4.0,0,0
EMPTY-G015-R075-diagonal,original,15,empty,True,success,False,False,False,False,False,False,False,10,14.142135623730955,14.142135623730955,0.0,0.7440200075507164,57,4.03050865276332,0,0
EMPTY-G015-R075-diagonal,posthoc_masked,15,empty,True,success,False,False,False,False,False,False,False,10,14.142135623730955,14.142135623730955,0.0,0.04202000563964248,57,4.03050865276332,0,0
EMPTY-G015-R075-goal_opposing,original,15,empty,True,success,False,False,False,False,False,False,False,10,14.142135623730955,14.142135623730955,0.0,0.6854699808172882,57,4.03050865276332,0,0
EMPTY-G015-R075-goal_opposing,posthoc_masked,15,empty,True,success,False,False,False,False,False,False,False,10,14.142135623730955,14.142135623730955,0.0,0.04058999475091696,57,4.03050865276332,0,0
EMPTY-G015-R100-horizontal,original,15,empty,True,success,False,False,False,False,False,False,False,14,14.0,14.0,0.0,0.7840499830698329,56,4.0,0,0
EMPTY-G015-R100-horizontal,posthoc_masked,15,empty,True,success,False,False,False,False,False,False,False,14,14.0,14.0,0.0,0.04619285963209612,56,4.0,0,0
EMPTY-G015-R100-vertical,original,15,empty,True,success,False,False,False,False,False,False,False,14,16.485281374238575,14.0,2.485281374238575,0.8039785731982972,56,4.0,0,0
EMPTY-G015-R100-vertical,posthoc_masked,15,empty,True,success,False,False,False,False,False,False,False,14,16.485281374238575,14.0,2.485281374238575,0.04662143432402185,56,4.0,0,0
EMPTY-G015-R100-diagonal,original,15,empty,True,success,False,False,False,False,False,False,False,14,19.798989873223338,19.798989873223338,0.0,0.7526714304861214,80,4.0406101782088415,0,0
EMPTY-G015-R100-diagonal,posthoc_masked,15,empty,True,success,False,False,False,False,False,False,False,14,19.798989873223338,19.798989873223338,0.0,0.04157856372850282,80,4.0406101782088415,0,0
EMPTY-G015-R100-goal_opposing,original,15,empty,True,success,False,False,False,False,False,False,False,14,18.970562748477146,18.384776310850242,0.5857864376269042,0.6294999953492412,74,4.025069369831115,0,0
EMPTY-G015-R100-goal_opposing,posthoc_masked,15,empty,True,success,False,False,False,False,False,False,False,14,18.970562748477146,18.384776310850242,0.5857864376269042,0.04407854950321572,74,4.025069369831115,0,0
EMPTY-G020-R025-horizontal,original,20,empty,True,success,False,False,False,False,False,False,False,5,5.82842712474619,5.0,0.8284271247461898,0.5857199896126986,20,4.0,0,0
EMPTY-G020-R025-horizontal,posthoc_masked,20,empty,True,success,False,False,False,False,False,False,False,5,5.82842712474619,5.0,0.8284271247461898,0.048600020818412304,20,4.0,0,0
EMPTY-G020-R025-vertical,original,20,empty,True,success,False,False,False,False,False,False,False,5,6.656854249492381,5.0,1.6568542494923806,0.6298399763181806,20,4.0,0,0
EMPTY-G020-R025-vertical,posthoc_masked,20,empty,True,success,False,False,False,False,False,False,False,5,6.656854249492381,5.0,1.6568542494923806,0.03470000810921192,20,4.0,0,0
EMPTY-G020-R025-diagonal,original,20,empty,True,success,False,False,False,False,False,False,False,5,7.0710678118654755,7.0710678118654755,0.0,0.691780005581677,29,4.1012193308819755,0,0
EMPTY-G020-R025-diagonal,posthoc_masked,20,empty,True,success,False,False,False,False,False,False,False,5,7.0710678118654755,7.0710678118654755,0.0,0.04213994834572077,29,4.1012193308819755,0,0
EMPTY-G020-R025-goal_opposing,original,20,empty,True,success,False,False,False,False,False,False,False,5,7.0710678118654755,7.0710678118654755,0.0,0.9685599710792303,29,4.1012193308819755,0,0
EMPTY-G020-R025-goal_opposing,posthoc_masked,20,empty,True,success,False,False,False,False,False,False,False,5,7.0710678118654755,7.0710678118654755,0.0,0.039599998854100704,29,4.1012193308819755,0,0
EMPTY-G020-R050-horizontal,original,20,empty,True,success,False,False,False,False,False,False,False,10,10.828427124746192,10.0,0.8284271247461916,0.6442100158892572,40,4.0,0,0
EMPTY-G020-R050-horizontal,posthoc_masked,20,empty,True,success,False,False,False,False,False,False,False,10,10.828427124746192,10.0,0.8284271247461916,0.0412799883633852,40,4.0,0,0
EMPTY-G020-R050-vertical,original,20,empty,True,success,False,False,False,False,False,False,False,10,12.485281374238571,10.0,2.4852813742385713,0.6322300294414163,40,4.0,0,0
EMPTY-G020-R050-vertical,posthoc_masked,20,empty,True,success,False,False,False,False,False,False,False,10,12.485281374238571,10.0,2.4852813742385713,0.03883999306708574,40,4.0,0,0
EMPTY-G020-R050-diagonal,original,20,empty,True,success,False,False,False,False,False,False,False,10,14.142135623730955,14.142135623730955,0.0,0.6772399879992008,57,4.03050865276332,0,0
EMPTY-G020-R050-diagonal,posthoc_masked,20,empty,True,success,False,False,False,False,False,False,False,10,14.142135623730955,14.142135623730955,0.0,0.045830023009330034,57,4.03050865276332,0,0
EMPTY-G020-R050-goal_opposing,original,20,empty,True,success,False,False,False,False,False,False,False,10,14.142135623730955,14.142135623730955,0.0,0.6907000089995563,57,4.03050865276332,0,0
EMPTY-G020-R050-goal_opposing,posthoc_masked,20,empty,True,success,False,False,False,False,False,False,False,10,14.142135623730955,14.142135623730955,0.0,0.046660006046295166,57,4.03050865276332,0,0
EMPTY-G020-R075-horizontal,original,20,empty,True,success,False,False,False,False,False,False,False,14,15.656854249492381,14.0,1.6568542494923815,0.4923214520593839,56,4.0,0,0
EMPTY-G020-R075-horizontal,posthoc_masked,20,empty,True,success,False,False,False,False,False,False,False,14,15.656854249492381,14.0,1.6568542494923815,0.0404357145141278,56,4.0,0,0
EMPTY-G020-R075-vertical,original,20,empty,True,success,False,False,False,False,False,False,False,14,16.485281374238575,14.0,2.485281374238575,0.6620428674588246,56,4.0,0,0
EMPTY-G020-R075-vertical,posthoc_masked,20,empty,True,success,False,False,False,False,False,False,False,14,16.485281374238575,14.0,2.485281374238575,0.03619285001020346,56,4.0,0,0
EMPTY-G020-R075-diagonal,original,20,empty,True,success,False,False,False,False,False,False,False,14,19.798989873223338,19.798989873223338,0.0,0.45182142639532685,80,4.0406101782088415,0,0
EMPTY-G020-R075-diagonal,posthoc_masked,20,empty,True,success,False,False,False,False,False,False,False,14,19.798989873223338,19.798989873223338,0.0,0.02807856903278402,80,4.0406101782088415,0,0
EMPTY-G020-R075-goal_opposing,original,20,empty,True,success,False,False,False,False,False,False,False,14,19.798989873223338,19.798989873223338,0.0,0.4696214372026069,80,4.0406101782088415,0,0
EMPTY-G020-R075-goal_opposing,posthoc_masked,20,empty,True,success,False,False,False,False,False,False,False,14,19.798989873223338,19.798989873223338,0.0,0.04805714291121278,80,4.0406101782088415,0,0
EMPTY-G020-R100-horizontal,original,20,empty,True,success,False,False,False,False,False,False,False,19,20.656854249492383,19.0,1.6568542494923832,0.47616316250672464,76,4.0,0,0
EMPTY-G020-R100-horizontal,posthoc_masked,20,empty,True,success,False,False,False,False,False,False,False,19,20.656854249492383,19.0,1.6568542494923832,0.04384737143194989,76,4.0,0,0
EMPTY-G020-R100-vertical,original,20,empty,True,success,False,False,False,False,False,False,False,19,21.485281374238575,19.0,2.485281374238575,0.6256894833457313,76,4.0,0,0
EMPTY-G020-R100-vertical,posthoc_masked,20,empty,True,success,False,False,False,False,False,False,False,19,21.485281374238575,19.0,2.485281374238575,0.042489466355427316,76,4.0,0,0
EMPTY-G020-R100-diagonal,original,20,empty,True,success,False,False,False,False,False,False,False,20,27.45584412271572,26.870057685088817,0.5857864376269042,0.5584549915511161,108,4.019343808849848,0,0
EMPTY-G020-R100-diagonal,posthoc_masked,20,empty,True,success,False,False,False,False,False,False,False,20,27.45584412271572,26.870057685088817,0.5857864376269042,0.03187501570209861,108,4.019343808849848,0,0
EMPTY-G020-R100-goal_opposing,original,20,empty,True,success,False,False,False,False,False,False,False,18,25.45584412271572,25.45584412271572,0.0,0.4692944478140109,102,4.006938426723767,0,0
EMPTY-G020-R100-goal_opposing,posthoc_masked,20,empty,True,success,False,False,False,False,False,False,False,18,25.45584412271572,25.45584412271572,0.0,0.0422777763257424,102,4.006938426723767,0,0
EMPTY-G030-R025-horizontal,original,30,empty,True,success,False,False,False,False,False,False,False,9,9.828427124746192,7.0,2.8284271247461916,0.6525000014031926,28,4.0,0,0
EMPTY-G030-R025-horizontal,posthoc_masked,30,empty,True,success,False,False,False,False,False,False,False,9,9.828427124746192,7.0,2.8284271247461916,0.04492224090629154,28,4.0,0,0
EMPTY-G030-R025-vertical,original,30,empty,True,success,False,False,False,False,False,False,False,7,9.485281374238571,7.0,2.4852813742385713,1.414571439714304,28,4.0,0,0
EMPTY-G030-R025-vertical,posthoc_masked,30,empty,True,success,False,False,False,False,False,False,False,7,9.485281374238571,7.0,2.4852813742385713,0.10627143949802433,28,4.0,0,0
EMPTY-G030-R025-diagonal,original,30,empty,True,success,False,False,False,False,False,False,False,7,9.899494936611667,9.899494936611667,0.0,0.7231857328276549,40,4.040610178208842,0,0
EMPTY-G030-R025-diagonal,posthoc_masked,30,empty,True,success,False,False,False,False,False,False,False,7,9.899494936611667,9.899494936611667,0.0,0.05760002282581159,40,4.040610178208842,0,0
EMPTY-G030-R025-goal_opposing,original,30,empty,True,success,False,False,False,False,False,False,False,7,9.899494936611667,9.899494936611667,0.0,0.7785428315401077,40,4.040610178208842,0,0
EMPTY-G030-R025-goal_opposing,posthoc_masked,30,empty,True,success,False,False,False,False,False,False,False,7,9.899494936611667,9.899494936611667,0.0,0.09814285606678043,40,4.040610178208842,0,0
EMPTY-G030-R050-horizontal,original,30,empty,False,two_cell_oscillation,False,False,False,True,True,True,True,56,,14.0,,0.8558946470397392,56,4.0,41,0
EMPTY-G030-R050-horizontal,posthoc_masked,30,empty,False,two_cell_oscillation,False,False,False,True,True,True,True,56,,14.0,,0.04518214388683971,56,4.0,41,0
EMPTY-G030-R050-vertical,original,30,empty,False,two_cell_oscillation,False,False,False,True,True,True,True,56,,14.0,,0.6925607116759888,56,4.0,40,0
EMPTY-G030-R050-vertical,posthoc_masked,30,empty,False,two_cell_oscillation,False,False,False,True,True,True,True,56,,14.0,,0.03816072005845074,56,4.0,40,0
EMPTY-G030-R050-diagonal,original,30,empty,True,success,False,False,False,False,False,False,False,14,19.798989873223338,19.798989873223338,0.0,0.5560857160682124,80,4.0406101782088415,0,0
EMPTY-G030-R050-diagonal,posthoc_masked,30,empty,True,success,False,False,False,False,False,False,False,14,19.798989873223338,19.798989873223338,0.0,0.06160000339150429,80,4.0406101782088415,0,0
EMPTY-G030-R050-goal_opposing,original,30,empty,True,success,False,False,False,False,False,False,False,14,19.798989873223338,19.798989873223338,0.0,0.5070285655425063,80,4.0406101782088415,0,0
EMPTY-G030-R050-goal_opposing,posthoc_masked,30,empty,True,success,False,False,False,False,False,False,False,14,19.798989873223338,19.798989873223338,0.0,0.04253570555842349,80,4.0406101782088415,0,0
EMPTY-G030-R075-horizontal,original,30,empty,True,success,False,False,False,False,False,False,False,24,26.48528137423857,22.0,4.485281374238571,0.5751666515910377,88,4.0,0,0
EMPTY-G030-R075-horizontal,posthoc_masked,30,empty,True,success,False,False,False,False,False,False,False,24,26.48528137423857,22.0,4.485281374238571,0.03582499630283564,88,4.0,0,0
EMPTY-G030-R075-vertical,original,30,empty,False,two_cell_oscillation,False,False,False,True,True,True,True,88,,22.0,,0.527431815333495,88,4.0,64,0
EMPTY-G030-R075-vertical,posthoc_masked,30,empty,False,two_cell_oscillation,False,False,False,True,True,True,True,88,,22.0,,0.03466477739328349,88,4.0,64,0
EMPTY-G030-R075-diagonal,original,30,empty,True,success,False,False,False,False,False,False,False,22,31.112698372208104,31.112698372208104,0.0,0.5793045380745422,125,4.017652165832654,0,0
EMPTY-G030-R075-diagonal,posthoc_masked,30,empty,True,success,False,False,False,False,False,False,False,22,31.112698372208104,31.112698372208104,0.0,0.05665909371931444,125,4.017652165832654,0,0
EMPTY-G030-R075-goal_opposing,original,30,empty,True,success,False,False,False,False,False,False,False,22,31.112698372208104,31.112698372208104,0.0,0.602613637139174,125,4.017652165832654,0,0
EMPTY-G030-R075-goal_opposing,posthoc_masked,30,empty,True,success,False,False,False,False,False,False,False,22,31.112698372208104,31.112698372208104,0.0,0.035963635045019066,125,4.017652165832654,0,0
EMPTY-G030-R100-horizontal,original,30,empty,True,success,False,False,False,False,False,False,False,30,32.89949493661167,29.0,3.899494936611667,0.6775299863268932,116,4.0,0,0
EMPTY-G030-R100-horizontal,posthoc_masked,30,empty,True,success,False,False,False,False,False,False,False,30,32.89949493661167,29.0,3.899494936611667,0.04492334167783459,116,4.0,0,0
EMPTY-G030-R100-vertical,original,30,empty,True,success,False,False,False,False,False,False,False,43,51.28427124746188,29.0,22.28427124746188,0.5904883714825955,116,4.0,0,0
EMPTY-G030-R100-vertical,posthoc_masked,30,empty,True,success,False,False,False,False,False,False,False,43,51.28427124746188,29.0,22.28427124746188,0.04251627251505852,116,4.0,0,0
EMPTY-G030-R100-diagonal,original,30,empty,True,success,False,False,False,False,False,False,False,29,41.012193308819754,41.012193308819754,0.0,0.8156034445133189,165,4.023193755026909,0,0
EMPTY-G030-R100-diagonal,posthoc_masked,30,empty,True,success,False,False,False,False,False,False,False,29,41.012193308819754,41.012193308819754,0.0,0.03806208180070951,165,4.023193755026909,0,0
EMPTY-G030-R100-goal_opposing,original,30,empty,True,success,False,False,False,False,False,False,False,35,47.01219330881975,39.59797974644666,7.414213562373085,0.4937228447358523,159,4.015356364595037,0,0
EMPTY-G030-R100-goal_opposing,posthoc_masked,30,empty,True,success,False,False,False,False,False,False,False,35,47.01219330881975,39.59797974644666,7.414213562373085,0.03852857875504664,159,4.015356364595037,0,0
EMPTY-G040-R025-horizontal,original,40,empty,False,longer_repeated_loop,False,False,False,True,False,True,True,40,,10.0,,0.43933501292485744,40,4.0,27,0
EMPTY-G040-R025-horizontal,posthoc_masked,40,empty,False,longer_repeated_loop,False,False,False,True,False,True,True,40,,10.0,,0.0339299876941368,40,4.0,27,0
EMPTY-G040-R025-vertical,original,40,empty,False,two_cell_oscillation,False,False,False,True,True,True,True,40,,10.0,,0.5385249998653308,40,4.0,28,0
EMPTY-G040-R025-vertical,posthoc_masked,40,empty,False,two_cell_oscillation,False,False,False,True,True,True,True,40,,10.0,,0.035014995955862105,40,4.0,28,0
EMPTY-G040-R025-diagonal,original,40,empty,True,success,False,False,False,False,False,False,False,10,14.142135623730955,14.142135623730955,0.0,0.5614599911496043,57,4.03050865276332,0,0
EMPTY-G040-R025-diagonal,posthoc_masked,40,empty,True,success,False,False,False,False,False,False,False,10,14.142135623730955,14.142135623730955,0.0,0.040559982880949974,57,4.03050865276332,0,0
EMPTY-G040-R025-goal_opposing,original,40,empty,True,success,False,False,False,False,False,False,False,10,14.142135623730955,14.142135623730955,0.0,0.6109300185926259,57,4.03050865276332,0,0
EMPTY-G040-R025-goal_opposing,posthoc_masked,40,empty,True,success,False,False,False,False,False,False,False,10,14.142135623730955,14.142135623730955,0.0,0.03380998969078064,57,4.03050865276332,0,0
EMPTY-G040-R050-horizontal,original,40,empty,False,two_cell_oscillation,False,False,False,True,True,True,True,80,,20.0,,0.6350300056510605,80,4.0,58,0
EMPTY-G040-R050-horizontal,posthoc_masked,40,empty,False,two_cell_oscillation,False,False,False,True,True,True,True,80,,20.0,,0.03590874985093251,80,4.0,58,0
EMPTY-G040-R050-vertical,original,40,empty,False,two_cell_oscillation,False,False,False,True,True,True,True,80,,20.0,,0.7482374930987135,80,4.0,58,0
EMPTY-G040-R050-vertical,posthoc_masked,40,empty,False,two_cell_oscillation,False,False,False,True,True,True,True,80,,20.0,,0.04184001008979976,80,4.0,58,0
EMPTY-G040-R050-diagonal,original,40,empty,True,success,False,False,False,False,False,False,False,20,28.284271247461913,28.284271247461913,0.0,0.5656549939885736,114,4.030508652763319,0,0
EMPTY-G040-R050-diagonal,posthoc_masked,40,empty,True,success,False,False,False,False,False,False,False,20,28.284271247461913,28.284271247461913,0.0,0.043005001498386264,114,4.030508652763319,0,0
EMPTY-G040-R050-goal_opposing,original,40,empty,True,success,False,False,False,False,False,False,False,20,28.284271247461913,28.284271247461913,0.0,0.5858100019395351,114,4.030508652763319,0,0
EMPTY-G040-R050-goal_opposing,posthoc_masked,40,empty,True,success,False,False,False,False,False,False,False,20,28.284271247461913,28.284271247461913,0.0,0.046300009125843644,114,4.030508652763319,0,0
EMPTY-G040-R075-horizontal,original,40,empty,False,longer_repeated_loop,False,False,False,True,False,True,True,116,,29.0,,0.5709836189233666,116,4.0,83,0
EMPTY-G040-R075-horizontal,posthoc_masked,40,empty,False,longer_repeated_loop,False,False,False,True,False,True,True,116,,29.0,,0.03994655682994374,116,4.0,83,0
EMPTY-G040-R075-vertical,original,40,empty,False,two_cell_oscillation,False,False,False,True,True,True,True,116,,29.0,,0.7436706941446354,116,4.0,78,0
EMPTY-G040-R075-vertical,posthoc_masked,40,empty,False,two_cell_oscillation,False,False,False,True,True,True,True,116,,29.0,,0.04979741763612577,116,4.0,78,0
EMPTY-G040-R075-diagonal,original,40,empty,False,two_cell_oscillation,False,False,False,True,True,True,True,165,,41.012193308819754,,0.7325630303415837,165,4.023193755026909,132,0
EMPTY-G040-R075-diagonal,posthoc_masked,40,empty,False,two_cell_oscillation,False,False,False,True,True,True,True,165,,41.012193308819754,,0.04257151758241834,165,4.023193755026909,132,0
EMPTY-G040-R075-goal_opposing,original,40,empty,True,success,False,False,False,False,False,False,False,29,41.012193308819754,41.012193308819754,0.0,0.667289654114123,165,4.023193755026909,0,0
EMPTY-G040-R075-goal_opposing,posthoc_masked,40,empty,True,success,False,False,False,False,False,False,False,29,41.012193308819754,41.012193308819754,0.0,0.045137921476672435,165,4.023193755026909,0,0
EMPTY-G040-R100-horizontal,original,40,empty,False,two_cell_oscillation,False,False,False,True,True,True,True,156,,39.0,,0.6411788509024355,156,4.0,116,0
EMPTY-G040-R100-horizontal,posthoc_masked,40,empty,False,two_cell_oscillation,False,False,False,True,True,True,True,156,,39.0,,0.04151986631302115,156,4.0,116,0
EMPTY-G040-R100-vertical,original,40,empty,False,collision,False,True,True,False,False,False,False,22,,39.0,,0.5680408953181044,156,4.0,1,0
EMPTY-G040-R100-vertical,posthoc_masked,40,empty,False,longer_repeated_loop,False,False,False,True,False,True,True,156,,39.0,,0.04596859574891054,156,4.0,115,0
EMPTY-G040-R100-diagonal,original,40,empty,True,success,False,False,False,False,False,False,False,79,83.55634918610406,55.154328932550676,28.40202025355338,0.6425177186279546,221,4.006938426723772,0,0
EMPTY-G040-R100-diagonal,posthoc_masked,40,empty,True,success,False,False,False,False,False,False,False,79,83.55634918610406,55.154328932550676,28.40202025355338,0.04729621194868903,221,4.006938426723772,0,0
EMPTY-G040-R100-goal_opposing,original,40,empty,True,success,False,False,False,False,False,False,False,47,63.98275605729686,53.740115370177584,10.242640687119277,0.7559404252691472,215,4.000735735660731,0,0
EMPTY-G040-R100-goal_opposing,posthoc_masked,40,empty,True,success,False,False,False,False,False,False,False,47,63.98275605729686,53.740115370177584,10.242640687119277,0.0363234009474833,215,4.000735735660731,0,0
EMPTY-G050-R025-horizontal,original,50,empty,False,two_cell_oscillation,False,False,False,True,True,True,True,48,,12.0,,0.7962812572562447,48,4.0,34,0
EMPTY-G050-R025-horizontal,posthoc_masked,50,empty,False,two_cell_oscillation,False,False,False,True,True,True,True,48,,12.0,,0.0576666570850648,48,4.0,34,0
EMPTY-G050-R025-vertical,original,50,empty,False,two_cell_oscillation,False,False,False,True,True,True,True,48,,12.0,,2.568468759515478,48,4.0,34,0
EMPTY-G050-R025-vertical,posthoc_masked,50,empty,False,two_cell_oscillation,False,False,False,True,True,True,True,48,,12.0,,0.06512082957973082,48,4.0,34,0
EMPTY-G050-R025-diagonal,original,50,empty,True,success,False,False,False,False,False,False,False,12,16.970562748477146,16.970562748477146,0.0,1.7565166829929997,68,4.006938426723768,0,0
EMPTY-G050-R025-diagonal,posthoc_masked,50,empty,True,success,False,False,False,False,False,False,False,12,16.970562748477146,16.970562748477146,0.0,0.05674996646121144,68,4.006938426723768,0,0
EMPTY-G050-R025-goal_opposing,original,50,empty,True,success,False,False,False,False,False,False,False,12,16.970562748477146,16.970562748477146,0.0,4.771324999940892,68,4.006938426723768,0,0
EMPTY-G050-R025-goal_opposing,posthoc_masked,50,empty,True,success,False,False,False,False,False,False,False,12,16.970562748477146,16.970562748477146,0.0,0.053941660250226654,68,4.006938426723768,0,0
EMPTY-G050-R050-horizontal,original,50,empty,False,two_cell_oscillation,False,False,False,True,True,True,True,96,,24.0,,0.7988718631774342,96,4.0,68,0
EMPTY-G050-R050-horizontal,posthoc_masked,50,empty,False,two_cell_oscillation,False,False,False,True,True,True,True,96,,24.0,,0.03720938305680951,96,4.0,68,0
EMPTY-G050-R050-vertical,original,50,empty,False,two_cell_oscillation,False,False,False,True,True,True,True,96,,24.0,,0.5099510393241266,96,4.0,68,0
EMPTY-G050-R050-vertical,posthoc_masked,50,empty,False,two_cell_oscillation,False,False,False,True,True,True,True,96,,24.0,,0.036239586430989824,96,4.0,68,0
EMPTY-G050-R050-diagonal,original,50,empty,True,success,False,False,False,False,False,False,False,24,33.94112549695429,33.94112549695429,0.0,0.5677958300414806,136,4.006938426723768,0,0
EMPTY-G050-R050-diagonal,posthoc_masked,50,empty,True,success,False,False,False,False,False,False,False,24,33.94112549695429,33.94112549695429,0.0,0.04068749452320238,136,4.006938426723768,0,0
EMPTY-G050-R050-goal_opposing,original,50,empty,True,success,False,False,False,False,False,False,False,24,33.94112549695429,33.94112549695429,0.0,0.49561666673980653,136,4.006938426723768,0,0
EMPTY-G050-R050-goal_opposing,posthoc_masked,50,empty,True,success,False,False,False,False,False,False,False,24,33.94112549695429,33.94112549695429,0.0,0.04511665611062199,136,4.006938426723768,0,0
EMPTY-G050-R075-horizontal,original,50,empty,False,two_cell_oscillation,False,False,False,True,True,True,True,148,,37.0,,0.5253736477194203,148,4.0,106,0
EMPTY-G050-R075-horizontal,posthoc_masked,50,empty,False,two_cell_oscillation,False,False,False,True,True,True,True,148,,37.0,,0.036095948638142764,148,4.0,106,0
EMPTY-G050-R075-vertical,original,50,empty,False,collision,False,True,True,False,False,False,False,25,,37.0,,0.5098520126193762,148,4.0,1,0
EMPTY-G050-R075-vertical,posthoc_masked,50,empty,False,longer_repeated_loop,False,False,False,True,False,True,True,148,,37.0,,0.034841215647001926,148,4.0,119,0
EMPTY-G050-R075-diagonal,original,50,empty,False,two_cell_oscillation,False,False,False,True,True,True,True,210,,52.32590180780449,,0.6669747615454807,210,4.013308758085812,129,0
EMPTY-G050-R075-diagonal,posthoc_masked,50,empty,False,two_cell_oscillation,False,False,False,True,True,True,True,210,,52.32590180780449,,0.04059000362065576,210,4.013308758085812,129,0
EMPTY-G050-R075-goal_opposing,original,50,empty,True,success,False,False,False,False,False,False,False,42,57.740115370177584,52.32590180780449,5.414213562373092,0.7162809516081498,210,4.013308758085812,0,0
EMPTY-G050-R075-goal_opposing,posthoc_masked,50,empty,True,success,False,False,False,False,False,False,False,42,57.740115370177584,52.32590180780449,5.414213562373092,0.04063094855241832,210,4.013308758085812,0,0
EMPTY-G050-R100-horizontal,original,50,empty,False,two_cell_oscillation,False,False,False,True,True,True,True,196,,49.0,,0.8588994880520492,196,4.0,145,0
EMPTY-G050-R100-horizontal,posthoc_masked,50,empty,False,two_cell_oscillation,False,False,False,True,True,True,True,196,,49.0,,0.04761836405995549,196,4.0,145,0
EMPTY-G050-R100-vertical,original,50,empty,False,collision,False,True,True,False,False,False,False,25,,49.0,,0.6575159914791584,196,4.0,1,0
EMPTY-G050-R100-vertical,posthoc_masked,50,empty,False,two_cell_oscillation,False,False,False,True,True,True,True,196,,49.0,,0.044728062657297264,196,4.0,171,0
EMPTY-G050-R100-diagonal,original,50,empty,False,immediate_invalid_action_crash,True,True,True,False,False,False,False,1,,69.2964645562816,,1.080299960449338,278,4.011748676935926,1,0
EMPTY-G050-R100-diagonal,posthoc_masked,50,empty,True,success,False,False,False,False,False,False,False,55,77.78174593052016,69.2964645562816,8.485281374238554,0.046483634717085144,278,4.011748676935926,0,0
EMPTY-G050-R100-goal_opposing,original,50,empty,True,success,False,False,False,False,False,False,False,57,78.12489168102779,67.88225099390851,10.242640687119277,0.7668543737708476,272,4.006938426723772,0,0
EMPTY-G050-R100-goal_opposing,posthoc_masked,50,empty,True,success,False,False,False,False,False,False,False,57,78.12489168102779,67.88225099390851,10.242640687119277,0.07316666622564458,272,4.006938426723772,0,0
EMPTY-G075-R025-horizontal,original,75,empty,False,two_cell_oscillation,False,False,False,True,True,True,True,72,,18.0,,0.922481943335798,72,4.0,51,0
EMPTY-G075-R025-horizontal,posthoc_masked,75,empty,False,two_cell_oscillation,False,False,False,True,True,True,True,72,,18.0,,0.07993472778859238,72,4.0,51,0
EMPTY-G075-R025-vertical,original,75,empty,False,longer_repeated_loop,False,False,False,True,False,True,True,72,,18.0,,1.1564347207442753,72,4.0,47,0
EMPTY-G075-R025-vertical,posthoc_masked,75,empty,False,longer_repeated_loop,False,False,False,True,False,True,True,72,,18.0,,0.06038194664547013,72,4.0,47,0
EMPTY-G075-R025-diagonal,original,75,empty,True,success,False,False,False,False,False,False,False,18,25.45584412271572,25.45584412271572,0.0,0.7346389077914258,102,4.006938426723767,0,0
EMPTY-G075-R025-diagonal,posthoc_masked,75,empty,True,success,False,False,False,False,False,False,False,18,25.45584412271572,25.45584412271572,0.0,0.056983327441331416,102,4.006938426723767,0,0
EMPTY-G075-R025-goal_opposing,original,75,empty,True,success,False,False,False,False,False,False,False,18,25.45584412271572,25.45584412271572,0.0,0.7951333342740933,102,4.006938426723767,0,0
EMPTY-G075-R025-goal_opposing,posthoc_masked,75,empty,True,success,False,False,False,False,False,False,False,18,25.45584412271572,25.45584412271572,0.0,0.04102220474224952,102,4.006938426723767,0,0
EMPTY-G075-R050-horizontal,original,75,empty,False,two_cell_oscillation,False,False,False,True,True,True,True,148,,37.0,,0.7938412159706492,148,4.0,104,0
EMPTY-G075-R050-horizontal,posthoc_masked,75,empty,False,two_cell_oscillation,False,False,False,True,True,True,True,148,,37.0,,0.04052837549180195,148,4.0,104,0
EMPTY-G075-R050-vertical,original,75,empty,False,collision,False,True,True,False,False,False,False,38,,37.0,,0.5790079043148771,148,4.0,1,0
EMPTY-G075-R050-vertical,posthoc_masked,75,empty,False,longer_repeated_loop,False,False,False,True,False,True,True,148,,37.0,,0.04006553884922854,148,4.0,98,0
EMPTY-G075-R050-diagonal,original,75,empty,False,longer_repeated_loop,False,False,False,True,False,True,True,210,,52.32590180780449,,0.5613952331865827,210,4.013308758085812,162,0
EMPTY-G075-R050-diagonal,posthoc_masked,75,empty,False,longer_repeated_loop,False,False,False,True,False,True,True,210,,52.32590180780449,,0.04535952716001442,210,4.013308758085812,162,0
EMPTY-G075-R050-goal_opposing,original,75,empty,True,success,False,False,False,False,False,False,False,42,57.740115370177584,52.32590180780449,5.414213562373092,0.6499333345952133,210,4.013308758085812,0,0
EMPTY-G075-R050-goal_opposing,posthoc_masked,75,empty,True,success,False,False,False,False,False,False,False,42,57.740115370177584,52.32590180780449,5.414213562373092,0.048899998156619925,210,4.013308758085812,0,0
EMPTY-G075-R075-horizontal,original,75,empty,False,two_cell_oscillation,False,False,False,True,True,True,True,224,,56.0,,0.655213393786523,224,4.0,164,0
EMPTY-G075-R075-horizontal,posthoc_masked,75,empty,False,two_cell_oscillation,False,False,False,True,True,True,True,224,,56.0,,0.03937411124102904,224,4.0,164,0
EMPTY-G075-R075-vertical,original,75,empty,False,collision,False,True,True,False,False,False,False,38,,56.0,,0.8176500038979085,224,4.0,1,0
EMPTY-G075-R075-vertical,posthoc_masked,75,empty,False,longer_repeated_loop,False,False,False,True,False,True,True,224,,56.0,,0.04672142313211225,224,4.0,165,0
EMPTY-G075-R075-diagonal,original,75,empty,False,longer_repeated_loop,False,False,False,True,False,True,True,317,,79.19595949289325,,1.2704605715531467,317,4.0027294577881385,249,0
EMPTY-G075-R075-diagonal,posthoc_masked,75,empty,False,longer_repeated_loop,False,False,False,True,False,True,True,317,,79.19595949289325,,0.06649495037830778,317,4.0027294577881385,249,0
EMPTY-G075-R075-goal_opposing,original,75,empty,True,success,False,False,False,False,False,False,False,65,89.43860018001253,79.19595949289325,10.242640687119277,0.6517430695776756,317,4.0027294577881385,0,0
EMPTY-G075-R075-goal_opposing,posthoc_masked,75,empty,True,success,False,False,False,False,False,False,False,65,89.43860018001253,79.19595949289325,10.242640687119277,0.04085845385606472,317,4.0027294577881385,0,0
EMPTY-G075-R100-horizontal,original,75,empty,False,longer_repeated_loop,False,False,False,True,False,True,True,296,,74.0,,0.7007486474813541,296,4.0,266,0
EMPTY-G075-R100-horizontal,posthoc_masked,75,empty,False,longer_repeated_loop,False,False,False,True,False,True,True,296,,74.0,,0.03927499936843241,296,4.0,266,0
EMPTY-G075-R100-vertical,original,75,empty,False,collision,False,True,True,False,False,False,False,38,,74.0,,0.6356105226778278,296,4.0,1,0
EMPTY-G075-R100-vertical,posthoc_masked,75,empty,False,longer_repeated_loop,False,False,False,True,False,True,True,296,,74.0,,0.044331755300329345,296,4.0,231,0
EMPTY-G075-R100-diagonal,original,75,empty,True,success,False,False,False,False,False,False,False,78,110.30865786510128,104.65180361560891,5.656854249492369,0.7326371836452148,419,4.003753261042753,0,0
EMPTY-G075-R100-diagonal,posthoc_masked,75,empty,True,success,False,False,False,False,False,False,False,78,110.30865786510128,104.65180361560891,5.656854249492369,0.04271282038340966,419,4.003753261042753,0,0
EMPTY-G075-R100-goal_opposing,original,75,empty,False,collision,False,True,True,False,False,False,False,2,,103.23759005323582,,0.44344994239509106,413,4.000480830548554,1,0
EMPTY-G075-R100-goal_opposing,posthoc_masked,75,empty,True,success,False,False,False,False,False,False,False,85,116.89444430272819,103.23759005323582,13.656854249492369,0.04019882420406622,413,4.000480830548554,0,0
EMPTY-G100-R025-horizontal,original,100,empty,False,longer_repeated_loop,False,False,False,True,False,True,True,100,,25.0,,0.6904929946176708,100,4.0,68,0
EMPTY-G100-R025-horizontal,posthoc_masked,100,empty,False,longer_repeated_loop,False,False,False,True,False,True,True,100,,25.0,,0.04213099600747228,100,4.0,68,0
EMPTY-G100-R025-vertical,original,100,empty,False,longer_repeated_loop,False,False,False,True,False,True,True,100,,25.0,,0.45418499736115336,100,4.0,62,0
EMPTY-G100-R025-vertical,posthoc_masked,100,empty,False,longer_repeated_loop,False,False,False,True,False,True,True,100,,25.0,,0.04375399788841605,100,4.0,62,0
EMPTY-G100-R025-diagonal,original,100,empty,True,success,False,False,False,False,False,False,False,25,35.355339059327385,35.355339059327385,0.0,0.9351079864427447,142,4.016366517139589,0,0
EMPTY-G100-R025-diagonal,posthoc_masked,100,empty,True,success,False,False,False,False,False,False,False,25,35.355339059327385,35.355339059327385,0.0,0.06781999953091145,142,4.016366517139589,0,0
EMPTY-G100-R025-goal_opposing,original,100,empty,True,success,False,False,False,False,False,False,False,25,35.355339059327385,35.355339059327385,0.0,1.3326559914276004,142,4.016366517139589,0,0
EMPTY-G100-R025-goal_opposing,posthoc_masked,100,empty,True,success,False,False,False,False,False,False,False,25,35.355339059327385,35.355339059327385,0.0,0.05657198838889599,142,4.016366517139589,0,0
EMPTY-G100-R050-horizontal,original,100,empty,False,longer_repeated_loop,False,False,False,True,False,True,True,200,,50.0,,0.8608704956714064,200,4.0,144,0
EMPTY-G100-R050-horizontal,posthoc_masked,100,empty,False,longer_repeated_loop,False,False,False,True,False,True,True,200,,50.0,,0.03779849561396986,200,4.0,144,0
EMPTY-G100-R050-vertical,original,100,empty,False,collision,False,True,True,False,False,False,False,50,,50.0,,0.45540199847891927,200,4.0,1,0
EMPTY-G100-R050-vertical,posthoc_masked,100,empty,False,longer_repeated_loop,False,False,False,True,False,True,True,200,,50.0,,0.04004550341051072,200,4.0,17,0
EMPTY-G100-R050-diagonal,original,100,empty,False,longer_repeated_loop,False,False,False,True,False,True,True,283,,70.7106781186547,,0.5294745578183776,283,4.0022243815158625,223,0
EMPTY-G100-R050-diagonal,posthoc_masked,100,empty,False,longer_repeated_loop,False,False,False,True,False,True,True,283,,70.7106781186547,,0.045575976516564407,283,4.0022243815158625,223,0
EMPTY-G100-R050-goal_opposing,original,100,empty,True,success,False,False,False,False,False,False,False,59,80.95331880577397,70.7106781186547,10.242640687119277,0.591218653056076,283,4.0022243815158625,0,0
EMPTY-G100-R050-goal_opposing,posthoc_masked,100,empty,True,success,False,False,False,False,False,False,False,59,80.95331880577397,70.7106781186547,10.242640687119277,0.03607626964922173,283,4.0022243815158625,0,0
EMPTY-G100-R075-horizontal,original,100,empty,False,longer_repeated_loop,False,False,False,True,False,True,True,296,,74.0,,0.6944310809705859,296,4.0,265,0
EMPTY-G100-R075-horizontal,posthoc_masked,100,empty,False,longer_repeated_loop,False,False,False,True,False,True,True,296,,74.0,,0.04028343765467808,296,4.0,265,0
EMPTY-G100-R075-vertical,original,100,empty,False,collision,False,True,True,False,False,False,False,50,,74.0,,0.82140400307253,296,4.0,1,0
EMPTY-G100-R075-vertical,posthoc_masked,100,empty,False,longer_repeated_loop,False,False,False,True,False,True,True,296,,74.0,,0.07417060771478794,296,4.0,111,0
EMPTY-G100-R075-diagonal,original,100,empty,False,longer_repeated_loop,False,False,False,True,False,True,True,419,,104.65180361560891,,1.4988668226839215,419,4.003753261042753,336,0
EMPTY-G100-R075-diagonal,posthoc_masked,100,empty,False,longer_repeated_loop,False,False,False,True,False,True,True,419,,104.65180361560891,,0.0430083545236037,419,4.003753261042753,336,0
EMPTY-G100-R075-goal_opposing,original,100,empty,True,success,False,False,False,False,False,False,False,86,118.30865786510128,104.65180361560891,13.656854249492369,0.5491779099196888,419,4.003753261042753,0,0
EMPTY-G100-R075-goal_opposing,posthoc_masked,100,empty,True,success,False,False,False,False,False,False,False,86,118.30865786510128,104.65180361560891,13.656854249492369,0.04757674096888581,419,4.003753261042753,0,0
EMPTY-G100-R100-horizontal,original,100,empty,False,longer_repeated_loop,False,False,False,True,False,True,True,396,,99.0,,0.5817818176118902,396,4.0,351,0
EMPTY-G100-R100-horizontal,posthoc_masked,100,empty,False,longer_repeated_loop,False,False,False,True,False,True,True,396,,99.0,,0.03832348415421115,396,4.0,351,0
EMPTY-G100-R100-vertical,original,100,empty,False,collision,False,True,True,False,False,False,False,50,,99.0,,0.5655520129948854,396,4.0,1,0
EMPTY-G100-R100-vertical,posthoc_masked,100,empty,False,two_cell_oscillation,False,False,False,True,True,True,True,396,,99.0,,0.03851338488407283,396,4.0,300,0
EMPTY-G100-R100-diagonal,original,100,empty,True,success,False,False,False,False,False,False,False,101,142.83556979968256,140.00714267493635,2.828427124746213,0.6696366333854523,561,4.006938426723771,0,0
EMPTY-G100-R100-diagonal,posthoc_masked,100,empty,True,success,False,False,False,False,False,False,False,101,142.83556979968256,140.00714267493635,2.828427124746213,0.039711870059444765,561,4.006938426723771,0,0
EMPTY-G100-R100-goal_opposing,original,100,empty,False,collision,False,True,True,False,False,False,False,2,,138.59292911256324,,0.38979994133114815,555,4.004533301617695,1,0
EMPTY-G100-R100-goal_opposing,posthoc_masked,100,empty,True,success,False,False,False,False,False,False,False,112,154.24978336205567,138.59292911256324,15.656854249492426,0.04065179278508627,555,4.004533301617695,0,0
